Workbook

Sheet DB
A1: Reference | B1: Servidor | C1: Item | D1: Categoria | E1: Sell Offer | F1: Buy Offer | G1: $ Sell Offer | H1: $ Buy Offer | I1: TC Buy | J1: TC Sell
A2: =+B2&C2 | B2: Aethera | C2: Abyssador's Lash | D2: Creature Product | G2: =IFERROR((E2/'Valor Coin por Servidor'!$B$5/250)*Conversor!$E$8,"-") | H2: =IFERROR((F2/'Valor Coin por Servidor'!$B$5/250)*Conversor!$E$8,"-") | I2: =IFERROR(_xlfn.CEILING.MATH((G2/Conversor!$E$8)*250,25),"-") | J2: =IFERROR(_xlfn.CEILING.MATH((H2/Conversor!$E$8)*250,25),"-")
A3: =+B3&C3 | B3: Aethera | C3: Alchemist's Boots | D3: Boots | G3: =IFERROR((E3/'Valor Coin por Servidor'!$B$5/250)*Conversor!$E$8,"-") | H3: =IFERROR((F3/'Valor Coin por Servidor'!$B$5/250)*Conversor!$E$8,"-") | I3: =IFERROR(_xlfn.CEILING.MATH((G3/Conversor!$E$8)*250,25),"-") | J3: =IFERROR(_xlfn.CEILING.MATH((H3/Conversor!$E$8)*250,25),"-")
A4: =+B4&C4 | B4: Aethera | C4: Alchemist's Notepad | D4: Shield | G4: =IFERROR((E4/'Valor Coin por Servidor'!$B$5/250)*Conversor!$E$8,"-") | H4: =IFERROR((F4/'Valor Coin por Servidor'!$B$5/250)*Conversor!$E$8,"-") | I4: =IFERROR(_xlfn.CEILING.MATH((G4/Conversor!$E$8)*250,25),"-") | J4: =IFERROR(_xlfn.CEILING.MATH((H4/Conversor!$E$8)*250,25),"-")
A5: =+B5&C5 | B5: Aethera | C5: Alicorn Headguard | D5: Helmet | G5: =IFERROR((E5/'Valor Coin por Servidor'!$B$5/250)*Conversor!$E$8,"-") | H5: =IFERROR((F5/'Valor Coin por Servidor'!$B$5/250)*Conversor!$E$8,"-") | I5: =IFERROR(_xlfn.CEILING.MATH((G5/Conversor!$E$8)*250,25),"-") | J5: =IFERROR(_xlfn.CEILING.MATH((H5/Conversor!$E$8)*250,25),"-")
A6: =+B6&C6 | B6: Aethera | C6: Alicorn Quiver | D6: Quiver | G6: =IFERROR((E6/'Valor Coin por Servidor'!$B$5/250)*Conversor!$E$8,"-") | H6: =IFERROR((F6/'Valor Coin por Servidor'!$B$5/250)*Conversor!$E$8,"-") | I6: =IFERROR(_xlfn.CEILING.MATH((G6/Conversor!$E$8)*250,25),"-") | J6: =IFERROR(_xlfn.CEILING.MATH((H6/Conversor!$E$8)*250,25),"-")
A7: =+B7&C7 | B7: Aethera | C7: Alicorn Ring | D7: Ring | G7: =IFERROR((E7/'Valor Coin por Servidor'!$B$5/250)*Conversor!$E$8,"-") | H7: =IFERROR((F7/'Valor Coin por Servidor'!$B$5/250)*Conversor!$E$8,"-") | I7: =IFERROR(_xlfn.CEILING.MATH((G7/Conversor!$E$8)*250,25),"-") | J7: =IFERROR(_xlfn.CEILING.MATH((H7/Conversor!$E$8)*250,25),"-")
A8: =+B8&C8 | B8: Aethera | C8: Amulet of Theurgy | D8: Amulet | G8: =IFERROR((E8/'Valor Coin por Servidor'!$B$5/250)*Conversor!$E$8,"-") | H8: =IFERROR((F8/'Valor Coin por Servidor'!$B$5/250)*Conversor!$E$8,"-") | I8: =IFERROR(_xlfn.CEILING.MATH((G8/Conversor!$E$8)*250,25),"-") | J8: =IFERROR(_xlfn.CEILING.MATH((H8/Conversor!$E$8)*250,25),"-")
A9: =+B9&C9 | B9: Aethera | C9: Antler-Horn Helmet | D9: Helmet | G9: =IFERROR((E9/'Valor Coin por Servidor'!$B$5/250)*Conversor!$E$8,"-") | H9: =IFERROR((F9/'Valor Coin por Servidor'!$B$5/250)*Conversor!$E$8,"-") | I9: =IFERROR(_xlfn.CEILING.MATH((G9/Conversor!$E$8)*250,25),"-") | J9: =IFERROR(_xlfn.CEILING.MATH((H9/Conversor!$E$8)*250,25),"-")
A10: =+B10&C10 | B10: Aethera | C10: Antlers | D10: Creature Product | G10: =IFERROR((E10/'Valor Coin por Servidor'!$B$5/250)*Conversor!$E$8,"-") | H10: =IFERROR((F10/'Valor Coin por Servidor'!$B$5/250)*Conversor!$E$8,"-") | I10: =IFERROR(_xlfn.CEILING.MATH((G10/Conversor!$E$8)*250,25),"-") | J10: =IFERROR(_xlfn.CEILING.MATH((H10/Conversor!$E$8)*250,25),"-")
A11: =+B11&C11 | B11: Aethera | C11: Ape Fur | D11: Creature Product | G11: =IFERROR((E11/'Valor Coin por Servidor'!$B$5/250)*Conversor!$E$8,"-") | H11: =IFERROR((F11/'Valor Coin por Servidor'!$B$5/250)*Conversor!$E$8,"-") | I11: =IFERROR(_xlfn.CEILING.MATH((G11/Conversor!$E$8)*250,25),"-") | J11: =IFERROR(_xlfn.CEILING.MATH((H11/Conversor!$E$8)*250,25),"-")
A12: =+B12&C12 | B12: Aethera | C12: Arboreal Crown | D12: Helmet | G12: =IFERROR((E12/'Valor Coin por Servidor'!$B$5/250)*Conversor!$E$8,"-") | H12: =IFERROR((F12/'Valor Coin por Servidor'!$B$5/250)*Conversor!$E$8,"-") | I12: =IFERROR(_xlfn.CEILING.MATH((G12/Conversor!$E$8)*250,25),"-") | J12: =IFERROR(_xlfn.CEILING.MATH((H12/Conversor!$E$8)*250,25),"-")
A13: =+B13&C13 | B13: Aethera | C13: Arboreal Ring | D13: Ring | G13: =IFERROR((E13/'Valor Coin por Servidor'!$B$5/250)*Conversor!$E$8,"-") | H13: =IFERROR((F13/'Valor Coin por Servidor'!$B$5/250)*Conversor!$E$8,"-") | I13: =IFERROR(_xlfn.CEILING.MATH((G13/Conversor!$E$8)*250,25),"-") | J13: =IFERROR(_xlfn.CEILING.MATH((H13/Conversor!$E$8)*250,25),"-")
... A315: =+B315&C315 | B315: Aethera | C315: Wyvern Talisman | D315: Creature Product | G315: =IFERROR((E315/'Valor Coin por Servidor'!$B$5/250)*Conversor!$E$8,"-") | H315: =IFERROR((F315/'Valor Coin por Servidor'!$B$5/250)*Conversor!$E$8,"-") | I315: =IFERROR(_xlfn.CEILING.MATH((G315/Conversor!$E$8)*250,25),"-") | J315: =IFERROR(_xlfn.CEILING.MATH((H315/Conversor!$E$8)*250,25),"-")
A316: =+B316&C316 | B316: Ambra | C316: Abyssador's Lash | D316: Creature Product | G316: =IFERROR((E316/'Valor Coin por Servidor'!$B$2/250)*Conversor!$E$8,"-") | H316: =IFERROR((F316/'Valor Coin por Servidor'!$B$2/250)*Conversor!$E$8,"-") | I316: =IFERROR(_xlfn.CEILING.MATH((G316/Conversor!$E$8)*250,25),"-") | J316: =IFERROR(_xlfn.CEILING.MATH((H316/Conversor!$E$8)*250,25),"-")
A317: =+B317&C317 | B317: Ambra | C317: Alchemist's Boots | D317: Boots | G317: =IFERROR((E317/'Valor Coin por Servidor'!$B$2/250)*Conversor!$E$8,"-") | H317: =IFERROR((F317/'Valor Coin por Servidor'!$B$2/250)*Conversor!$E$8,"-") | I317: =IFERROR(_xlfn.CEILING.MATH((G317/Conversor!$E$8)*250,25),"-") | J317: =IFERROR(_xlfn.CEILING.MATH((H317/Conversor!$E$8)*250,25),"-")
A318: =+B318&C318 | B318: Ambra | C318: Alchemist's Notepad | D318: Shield | G318: =IFERROR((E318/'Valor Coin por Servidor'!$B$2/250)*Conversor!$E$8,"-") | H318: =IFERROR((F318/'Valor Coin por Servidor'!$B$2/250)*Conversor!$E$8,"-") | I318: =IFERROR(_xlfn.CEILING.MATH((G318/Conversor!$E$8)*250,25),"-") | J318: =IFERROR(_xlfn.CEILING.MATH((H318/Conversor!$E$8)*250,25),"-")
A319: =+B319&C319 | B319: Ambra | C319: Alicorn Headguard | D319: Helmet | G319: =IFERROR((E319/'Valor Coin por Servidor'!$B$2/250)*Conversor!$E$8,"-") | H319: =IFERROR((F319/'Valor Coin por Servidor'!$B$2/250)*Conversor!$E$8,"-") | I319: =IFERROR(_xlfn.CEILING.MATH((G319/Conversor!$E$8)*250,25),"-") | J319: =IFERROR(_xlfn.CEILING.MATH((H319/Conversor!$E$8)*250,25),"-")
A320: =+B320&C320 | B320: Ambra | C320: Alicorn Quiver | D320: Quiver | G320: =IFERROR((E320/'Valor Coin por Servidor'!$B$2/250)*Conversor!$E$8,"-") | H320: =IFERROR((F320/'Valor Coin por Servidor'!$B$2/250)*Conversor!$E$8,"-") | I320: =IFERROR(_xlfn.CEILING.MATH((G320/Conversor!$E$8)*250,25),"-") | J320: =IFERROR(_xlfn.CEILING.MATH((H320/Conversor!$E$8)*250,25),"-")
A321: =+B321&C321 | B321: Ambra | C321: Alicorn Ring | D321: Ring | G321: =IFERROR((E321/'Valor Coin por Servidor'!$B$2/250)*Conversor!$E$8,"-") | H321: =IFERROR((F321/'Valor Coin por Servidor'!$B$2/250)*Conversor!$E$8,"-") | I321: =IFERROR(_xlfn.CEILING.MATH((G321/Conversor!$E$8)*250,25),"-") | J321: =IFERROR(_xlfn.CEILING.MATH((H321/Conversor!$E$8)*250,25),"-")
A322: =+B322&C322 | B322: Ambra | C322: Amulet of Theurgy | D322: Amulet | G322: =IFERROR((E322/'Valor Coin por Servidor'!$B$2/250)*Conversor!$E$8,"-") | H322: =IFERROR((F322/'Valor Coin por Servidor'!$B$2/250)*Conversor!$E$8,"-") | I322: =IFERROR(_xlfn.CEILING.MATH((G322/Conversor!$E$8)*250,25),"-") | J322: =IFERROR(_xlfn.CEILING.MATH((H322/Conversor!$E$8)*250,25),"-")
A323: =+B323&C323 | B323: Ambra | C323: Antler-Horn Helmet | D323: Helmet | G323: =IFERROR((E323/'Valor Coin por Servidor'!$B$2/250)*Conversor!$E$8,"-") | H323: =IFERROR((F323/'Valor Coin por Servidor'!$B$2/250)*Conversor!$E$8,"-") | I323: =IFERROR(_xlfn.CEILING.MATH((G323/Conversor!$E$8)*250,25),"-") | J323: =IFERROR(_xlfn.CEILING.MATH((H323/Conversor!$E$8)*250,25),"-")
A324: =+B324&C324 | B324: Ambra | C324: Antlers | D324: Creature Product | G324: =IFERROR((E324/'Valor Coin por Servidor'!$B$2/250)*Conversor!$E$8,"-") | H324: =IFERROR((F324/'Valor Coin por Servidor'!$B$2/250)*Conversor!$E$8,"-") | I324: =IFERROR(_xlfn.CEILING.MATH((G324/Conversor!$E$8)*250,25),"-") | J324: =IFERROR(_xlfn.CEILING.MATH((H324/Conversor!$E$8)*250,25),"-")
A325: =+B325&C325 | B325: Ambra | C325: Ape Fur | D325: Creature Product | G325: =IFERROR((E325/'Valor Coin por Servidor'!$B$2/250)*Conversor!$E$8,"-") | H325: =IFERROR((F325/'Valor Coin por Servidor'!$B$2/250)*Conversor!$E$8,"-") | I325: =IFERROR(_xlfn.CEILING.MATH((G325/Conversor!$E$8)*250,25),"-") | J325: =IFERROR(_xlfn.CEILING.MATH((H325/Conversor!$E$8)*250,25),"-")
A326: =+B326&C326 | B326: Ambra | C326: Arboreal Crown | D326: Helmet | G326: =IFERROR((E326/'Valor Coin por Servidor'!$B$2/250)*Conversor!$E$8,"-") | H326: =IFERROR((F326/'Valor Coin por Servidor'!$B$2/250)*Conversor!$E$8,"-") | I326: =IFERROR(_xlfn.CEILING.MATH((G326/Conversor!$E$8)*250,25),"-") | J326: =IFERROR(_xlfn.CEILING.MATH((H326/Conversor!$E$8)*250,25),"-")
A327: =+B327&C327 | B327: Ambra | C327: Arboreal Ring | D327: Ring | G327: =IFERROR((E327/'Valor Coin por Servidor'!$B$2/250)*Conversor!$E$8,"-") | H327: =IFERROR((F327/'Valor Coin por Servidor'!$B$2/250)*Conversor!$E$8,"-") | I327: =IFERROR(_xlfn.CEILING.MATH((G327/Conversor!$E$8)*250,25),"-") | J327: =IFERROR(_xlfn.CEILING.MATH((H327/Conversor!$E$8)*250,25),"-")
... A629: =+B629&C629 | B629: Ambra | C629: Wyvern Talisman | D629: Creature Product | G629: =IFERROR((E629/'Valor Coin por Servidor'!$B$2/250)*Conversor!$E$8,"-") | H629: =IFERROR((F629/'Valor Coin por Servidor'!$B$2/250)*Conversor!$E$8,"-") | I629: =IFERROR(_xlfn.CEILING.MATH((G629/Conversor!$E$8)*250,25),"-") | J629: =IFERROR(_xlfn.CEILING.MATH((H629/Conversor!$E$8)*250,25),"-")
A630: =+B630&C630 | B630: Antica | C630: Abyssador's Lash | D630: Creature Product | G630: =IFERROR((E630/'Valor Coin por Servidor'!$B$3/250)*Conversor!$E$8,"-") | H630: =IFERROR((F630/'Valor Coin por Servidor'!$B$3/250)*Conversor!$E$8,"-") | I630: =IFERROR(_xlfn.CEILING.MATH((G630/Conversor!$E$8)*250,25),"-") | J630: =IFERROR(_xlfn.CEILING.MATH((H630/Conversor!$E$8)*250,25),"-")
A631: =+B631&C631 | B631: Antica | C631: Alchemist's Boots | D631: Boots | G631: =IFERROR((E631/'Valor Coin por Servidor'!$B$3/250)*Conversor!$E$8,"-") | H631: =IFERROR((F631/'Valor Coin por Servidor'!$B$3/250)*Conversor!$E$8,"-") | I631: =IFERROR(_xlfn.CEILING.MATH((G631/Conversor!$E$8)*250,25),"-") | J631: =IFERROR(_xlfn.CEILING.MATH((H631/Conversor!$E$8)*250,25),"-")
A632: =+B632&C632 | B632: Antica | C632: Alchemist's Notepad | D632: Shield | G632: =IFERROR((E632/'Valor Coin por Servidor'!$B$3/250)*Conversor!$E$8,"-") | H632: =IFERROR((F632/'Valor Coin por Servidor'!$B$3/250)*Conversor!$E$8,"-") | I632: =IFERROR(_xlfn.CEILING.MATH((G632/Conversor!$E$8)*250,25),"-") | J632: =IFERROR(_xlfn.CEILING.MATH((H632/Conversor!$E$8)*250,25),"-")
A633: =+B633&C633 | B633: Antica | C633: Alicorn Headguard | D633: Helmet | G633: =IFERROR((E633/'Valor Coin por Servidor'!$B$3/250)*Conversor!$E$8,"-") | H633: =IFERROR((F633/'Valor Coin por Servidor'!$B$3/250)*Conversor!$E$8,"-") | I633: =IFERROR(_xlfn.CEILING.MATH((G633/Conversor!$E$8)*250,25),"-") | J633: =IFERROR(_xlfn.CEILING.MATH((H633/Conversor!$E$8)*250,25),"-")
A634: =+B634&C634 | B634: Antica | C634: Alicorn Quiver | D634: Quiver | G634: =IFERROR((E634/'Valor Coin por Servidor'!$B$3/250)*Conversor!$E$8,"-") | H634: =IFERROR((F634/'Valor Coin por Servidor'!$B$3/250)*Conversor!$E$8,"-") | I634: =IFERROR(_xlfn.CEILING.MATH((G634/Conversor!$E$8)*250,25),"-") | J634: =IFERROR(_xlfn.CEILING.MATH((H634/Conversor!$E$8)*250,25),"-")
A635: =+B635&C635 | B635: Antica | C635: Alicorn Ring | D635: Ring | G635: =IFERROR((E635/'Valor Coin por Servidor'!$B$3/250)*Conversor!$E$8,"-") | H635: =IFERROR((F635/'Valor Coin por Servidor'!$B$3/250)*Conversor!$E$8,"-") | I635: =IFERROR(_xlfn.CEILING.MATH((G635/Conversor!$E$8)*250,25),"-") | J635: =IFERROR(_xlfn.CEILING.MATH((H635/Conversor!$E$8)*250,25),"-")
A636: =+B636&C636 | B636: Antica | C636: Amulet of Theurgy | D636: Amulet | G636: =IFERROR((E636/'Valor Coin por Servidor'!$B$3/250)*Conversor!$E$8,"-") | H636: =IFERROR((F636/'Valor Coin por Servidor'!$B$3/250)*Conversor!$E$8,"-") | I636: =IFERROR(_xlfn.CEILING.MATH((G636/Conversor!$E$8)*250,25),"-") | J636: =IFERROR(_xlfn.CEILING.MATH((H636/Conversor!$E$8)*250,25),"-")
A637: =+B637&C637 | B637: Antica | C637: Antler-Horn Helmet | D637: Helmet | G637: =IFERROR((E637/'Valor Coin por Servidor'!$B$3/250)*Conversor!$E$8,"-") | H637: =IFERROR((F637/'Valor Coin por Servidor'!$B$3/250)*Conversor!$E$8,"-") | I637: =IFERROR(_xlfn.CEILING.MATH((G637/Conversor!$E$8)*250,25),"-") | J637: =IFERROR(_xlfn.CEILING.MATH((H637/Conversor!$E$8)*250,25),"-")
A638: =+B638&C638 | B638: Antica | C638: Antlers | D638: Creature Product | G638: =IFERROR((E638/'Valor Coin por Servidor'!$B$3/250)*Conversor!$E$8,"-") | H638: =IFERROR((F638/'Valor Coin por Servidor'!$B$3/250)*Conversor!$E$8,"-") | I638: =IFERROR(_xlfn.CEILING.MATH((G638/Conversor!$E$8)*250,25),"-") | J638: =IFERROR(_xlfn.CEILING.MATH((H638/Conversor!$E$8)*250,25),"-")
A639: =+B639&C639 | B639: Antica | C639: Ape Fur | D639: Creature Product | G639: =IFERROR((E639/'Valor Coin por Servidor'!$B$3/250)*Conversor!$E$8,"-") | H639: =IFERROR((F639/'Valor Coin por Servidor'!$B$3/250)*Conversor!$E$8,"-") | I639: =IFERROR(_xlfn.CEILING.MATH((G639/Conversor!$E$8)*250,25),"-") | J639: =IFERROR(_xlfn.CEILING.MATH((H639/Conversor!$E$8)*250,25),"-")
A640: =+B640&C640 | B640: Antica | C640: Arboreal Crown | D640: Helmet | G640: =IFERROR((E640/'Valor Coin por Servidor'!$B$3/250)*Conversor!$E$8,"-") | H640: =IFERROR((F640/'Valor Coin por Servidor'!$B$3/250)*Conversor!$E$8,"-") | I640: =IFERROR(_xlfn.CEILING.MATH((G640/Conversor!$E$8)*250,25),"-") | J640: =IFERROR(_xlfn.CEILING.MATH((H640/Conversor!$E$8)*250,25),"-")
A641: =+B641&C641 | B641: Antica | C641: Arboreal Ring | D641: Ring | G641: =IFERROR((E641/'Valor Coin por Servidor'!$B$3/250)*Conversor!$E$8,"-") | H641: =IFERROR((F641/'Valor Coin por Servidor'!$B$3/250)*Conversor!$E$8,"-") | I641: =IFERROR(_xlfn.CEILING.MATH((G641/Conversor!$E$8)*250,25),"-") | J641: =IFERROR(_xlfn.CEILING.MATH((H641/Conversor!$E$8)*250,25),"-")
... A943: =+B943&C943 | B943: Antica | C943: Wyvern Talisman | D943: Creature Product | G943: =IFERROR((E943/'Valor Coin por Servidor'!$B$3/250)*Conversor!$E$8,"-") | H943: =IFERROR((F943/'Valor Coin por Servidor'!$B$3/250)*Conversor!$E$8,"-") | I943: =IFERROR(_xlfn.CEILING.MATH((G943/Conversor!$E$8)*250,25),"-") | J943: =IFERROR(_xlfn.CEILING.MATH((H943/Conversor!$E$8)*250,25),"-")
A944: =+B944&C944 | B944: Astera | C944: Abyssador's Lash | D944: Creature Product | G944: =IFERROR((E944/'Valor Coin por Servidor'!$B$4/250)*Conversor!$E$8,"-") | H944: =IFERROR((F944/'Valor Coin por Servidor'!$B$4/250)*Conversor!$E$8,"-") | I944: =IFERROR(_xlfn.CEILING.MATH((G944/Conversor!$E$8)*250,25),"-") | J944: =IFERROR(_xlfn.CEILING.MATH((H944/Conversor!$E$8)*250,25),"-")
A945: =+B945&C945 | B945: Astera | C945: Alchemist's Boots | D945: Boots | G945: =IFERROR((E945/'Valor Coin por Servidor'!$B$4/250)*Conversor!$E$8,"-") | H945: =IFERROR((F945/'Valor Coin por Servidor'!$B$4/250)*Conversor!$E$8,"-") | I945: =IFERROR(_xlfn.CEILING.MATH((G945/Conversor!$E$8)*250,25),"-") | J945: =IFERROR(_xlfn.CEILING.MATH((H945/Conversor!$E$8)*250,25),"-")
A946: =+B946&C946 | B946: Astera | C946: Alchemist's Notepad | D946: Shield | G946: =IFERROR((E946/'Valor Coin por Servidor'!$B$4/250)*Conversor!$E$8,"-") | H946: =IFERROR((F946/'Valor Coin por Servidor'!$B$4/250)*Conversor!$E$8,"-") | I946: =IFERROR(_xlfn.CEILING.MATH((G946/Conversor!$E$8)*250,25),"-") | J946: =IFERROR(_xlfn.CEILING.MATH((H946/Conversor!$E$8)*250,25),"-")
A947: =+B947&C947 | B947: Astera | C947: Alicorn Headguard | D947: Helmet | G947: =IFERROR((E947/'Valor Coin por Servidor'!$B$4/250)*Conversor!$E$8,"-") | H947: =IFERROR((F947/'Valor Coin por Servidor'!$B$4/250)*Conversor!$E$8,"-") | I947: =IFERROR(_xlfn.CEILING.MATH((G947/Conversor!$E$8)*250,25),"-") | J947: =IFERROR(_xlfn.CEILING.MATH((H947/Conversor!$E$8)*250,25),"-")
A948: =+B948&C948 | B948: Astera | C948: Alicorn Quiver | D948: Quiver | G948: =IFERROR((E948/'Valor Coin por Servidor'!$B$4/250)*Conversor!$E$8,"-") | H948: =IFERROR((F948/'Valor Coin por Servidor'!$B$4/250)*Conversor!$E$8,"-") | I948: =IFERROR(_xlfn.CEILING.MATH((G948/Conversor!$E$8)*250,25),"-") | J948: =IFERROR(_xlfn.CEILING.MATH((H948/Conversor!$E$8)*250,25),"-")
A949: =+B949&C949 | B949: Astera | C949: Alicorn Ring | D949: Ring | G949: =IFERROR((E949/'Valor Coin por Servidor'!$B$4/250)*Conversor!$E$8,"-") | H949: =IFERROR((F949/'Valor Coin por Servidor'!$B$4/250)*Conversor!$E$8,"-") | I949: =IFERROR(_xlfn.CEILING.MATH((G949/Conversor!$E$8)*250,25),"-") | J949: =IFERROR(_xlfn.CEILING.MATH((H949/Conversor!$E$8)*250,25),"-")
A950: =+B950&C950 | B950: Astera | C950: Amulet of Theurgy | D950: Amulet | G950: =IFERROR((E950/'Valor Coin por Servidor'!$B$4/250)*Conversor!$E$8,"-") | H950: =IFERROR((F950/'Valor Coin por Servidor'!$B$4/250)*Conversor!$E$8,"-") | I950: =IFERROR(_xlfn.CEILING.MATH((G950/Conversor!$E$8)*250,25),"-") | J950: =IFERROR(_xlfn.CEILING.MATH((H950/Conversor!$E$8)*250,25),"-")
A951: =+B951&C951 | B951: Astera | C951: Antler-Horn Helmet | D951: Helmet | G951: =IFERROR((E951/'Valor Coin por Servidor'!$B$4/250)*Conversor!$E$8,"-") | H951: =IFERROR((F951/'Valor Coin por Servidor'!$B$4/250)*Conversor!$E$8,"-") | I951: =IFERROR(_xlfn.CEILING.MATH((G951/Conversor!$E$8)*250,25),"-") | J951: =IFERROR(_xlfn.CEILING.MATH((H951/Conversor!$E$8)*250,25),"-")
A952: =+B952&C952 | B952: Astera | C952: Antlers | D952: Creature Product | G952: =IFERROR((E952/'Valor Coin por Servidor'!$B$4/250)*Conversor!$E$8,"-") | H952: =IFERROR((F952/'Valor Coin por Servidor'!$B$4/250)*Conversor!$E$8,"-") | I952: =IFERROR(_xlfn.CEILING.MATH((G952/Conversor!$E$8)*250,25),"-") | J952: =IFERROR(_xlfn.CEILING.MATH((H952/Conversor!$E$8)*250,25),"-")
A953: =+B953&C953 | B953: Astera | C953: Ape Fur | D953: Creature Product | G953: =IFERROR((E953/'Valor Coin por Servidor'!$B$4/250)*Conversor!$E$8,"-") | H953: =IFERROR((F953/'Valor Coin por Servidor'!$B$4/250)*Conversor!$E$8,"-") | I953: =IFERROR(_xlfn.CEILING.MATH((G953/Conversor!$E$8)*250,25),"-") | J953: =IFERROR(_xlfn.CEILING.MATH((H953/Conversor!$E$8)*250,25),"-")
A954: =+B954&C954 | B954: Astera | C954: Arboreal Crown | D954: Helmet | G954: =IFERROR((E954/'Valor Coin por Servidor'!$B$4/250)*Conversor!$E$8,"-") | H954: =IFERROR((F954/'Valor Coin por Servidor'!$B$4/250)*Conversor!$E$8,"-") | I954: =IFERROR(_xlfn.CEILING.MATH((G954/Conversor!$E$8)*250,25),"-") | J954: =IFERROR(_xlfn.CEILING.MATH((H954/Conversor!$E$8)*250,25),"-")
A955: =+B955&C955 | B955: Astera | C955: Arboreal Ring | D955: Ring | G955: =IFERROR((E955/'Valor Coin por Servidor'!$B$4/250)*Conversor!$E$8,"-") | H955: =IFERROR((F955/'Valor Coin por Servidor'!$B$4/250)*Conversor!$E$8,"-") | I955: =IFERROR(_xlfn.CEILING.MATH((G955/Conversor!$E$8)*250,25),"-") | J955: =IFERROR(_xlfn.CEILING.MATH((H955/Conversor!$E$8)*250,25),"-")
... A1257: =+B1257&C1257 | B1257: Astera | C1257: Wyvern Talisman | D1257: Creature Product | G1257: =IFERROR((E1257/'Valor Coin por Servidor'!$B$4/250)*Conversor!$E$8,"-") | H1257: =IFERROR((F1257/'Valor Coin por Servidor'!$B$4/250)*Conversor!$E$8,"-") | I1257: =IFERROR(_xlfn.CEILING.MATH((G1257/Conversor!$E$8)*250,25),"-") | J1257: =IFERROR(_xlfn.CEILING.MATH((H1257/Conversor!$E$8)*250,25),"-")
A1258: =+B1258&C1258 | B1258: Belobra | C1258: Abyssador's Lash | D1258: Creature Product | G1258: =IFERROR((E1258/'Valor Coin por Servidor'!$B$6/250)*Conversor!$E$8,"-") | H1258: =IFERROR((F1258/'Valor Coin por Servidor'!$B$6/250)*Conversor!$E$8,"-") | I1258: =IFERROR(_xlfn.CEILING.MATH((G1258/Conversor!$E$8)*250,25),"-") | J1258: =IFERROR(_xlfn.CEILING.MATH((H1258/Conversor!$E$8)*250,25),"-")
A1259: =+B1259&C1259 | B1259: Belobra | C1259: Alchemist's Boots | D1259: Boots | G1259: =IFERROR((E1259/'Valor Coin por Servidor'!$B$6/250)*Conversor!$E$8,"-") | H1259: =IFERROR((F1259/'Valor Coin por Servidor'!$B$6/250)*Conversor!$E$8,"-") | I1259: =IFERROR(_xlfn.CEILING.MATH((G1259/Conversor!$E$8)*250,25),"-") | J1259: =IFERROR(_xlfn.CEILING.MATH((H1259/Conversor!$E$8)*250,25),"-")
A1260: =+B1260&C1260 | B1260: Belobra | C1260: Alchemist's Notepad | D1260: Shield | G1260: =IFERROR((E1260/'Valor Coin por Servidor'!$B$6/250)*Conversor!$E$8,"-") | H1260: =IFERROR((F1260/'Valor Coin por Servidor'!$B$6/250)*Conversor!$E$8,"-") | I1260: =IFERROR(_xlfn.CEILING.MATH((G1260/Conversor!$E$8)*250,25),"-") | J1260: =IFERROR(_xlfn.CEILING.MATH((H1260/Conversor!$E$8)*250,25),"-")
A1261: =+B1261&C1261 | B1261: Belobra | C1261: Alicorn Headguard | D1261: Helmet | G1261: =IFERROR((E1261/'Valor Coin por Servidor'!$B$6/250)*Conversor!$E$8,"-") | H1261: =IFERROR((F1261/'Valor Coin por Servidor'!$B$6/250)*Conversor!$E$8,"-") | I1261: =IFERROR(_xlfn.CEILING.MATH((G1261/Conversor!$E$8)*250,25),"-") | J1261: =IFERROR(_xlfn.CEILING.MATH((H1261/Conversor!$E$8)*250,25),"-")
A1262: =+B1262&C1262 | B1262: Belobra | C1262: Alicorn Quiver | D1262: Quiver | G1262: =IFERROR((E1262/'Valor Coin por Servidor'!$B$6/250)*Conversor!$E$8,"-") | H1262: =IFERROR((F1262/'Valor Coin por Servidor'!$B$6/250)*Conversor!$E$8,"-") | I1262: =IFERROR(_xlfn.CEILING.MATH((G1262/Conversor!$E$8)*250,25),"-") | J1262: =IFERROR(_xlfn.CEILING.MATH((H1262/Conversor!$E$8)*250,25),"-")
A1263: =+B1263&C1263 | B1263: Belobra | C1263: Alicorn Ring | D1263: Ring | G1263: =IFERROR((E1263/'Valor Coin por Servidor'!$B$6/250)*Conversor!$E$8,"-") | H1263: =IFERROR((F1263/'Valor Coin por Servidor'!$B$6/250)*Conversor!$E$8,"-") | I1263: =IFERROR(_xlfn.CEILING.MATH((G1263/Conversor!$E$8)*250,25),"-") | J1263: =IFERROR(_xlfn.CEILING.MATH((H1263/Conversor!$E$8)*250,25),"-")
A1264: =+B1264&C1264 | B1264: Belobra | C1264: Amulet of Theurgy | D1264: Amulet | G1264: =IFERROR((E1264/'Valor Coin por Servidor'!$B$6/250)*Conversor!$E$8,"-") | H1264: =IFERROR((F1264/'Valor Coin por Servidor'!$B$6/250)*Conversor!$E$8,"-") | I1264: =IFERROR(_xlfn.CEILING.MATH((G1264/Conversor!$E$8)*250,25),"-") | J1264: =IFERROR(_xlfn.CEILING.MATH((H1264/Conversor!$E$8)*250,25),"-")
A1265: =+B1265&C1265 | B1265: Belobra | C1265: Antler-Horn Helmet | D1265: Helmet | G1265: =IFERROR((E1265/'Valor Coin por Servidor'!$B$6/250)*Conversor!$E$8,"-") | H1265: =IFERROR((F1265/'Valor Coin por Servidor'!$B$6/250)*Conversor!$E$8,"-") | I1265: =IFERROR(_xlfn.CEILING.MATH((G1265/Conversor!$E$8)*250,25),"-") | J1265: =IFERROR(_xlfn.CEILING.MATH((H1265/Conversor!$E$8)*250,25),"-")
A1266: =+B1266&C1266 | B1266: Belobra | C1266: Antlers | D1266: Creature Product | G1266: =IFERROR((E1266/'Valor Coin por Servidor'!$B$6/250)*Conversor!$E$8,"-") | H1266: =IFERROR((F1266/'Valor Coin por Servidor'!$B$6/250)*Conversor!$E$8,"-") | I1266: =IFERROR(_xlfn.CEILING.MATH((G1266/Conversor!$E$8)*250,25),"-") | J1266: =IFERROR(_xlfn.CEILING.MATH((H1266/Conversor!$E$8)*250,25),"-")
A1267: =+B1267&C1267 | B1267: Belobra | C1267: Ape Fur | D1267: Creature Product | G1267: =IFERROR((E1267/'Valor Coin por Servidor'!$B$6/250)*Conversor!$E$8,"-") | H1267: =IFERROR((F1267/'Valor Coin por Servidor'!$B$6/250)*Conversor!$E$8,"-") | I1267: =IFERROR(_xlfn.CEILING.MATH((G1267/Conversor!$E$8)*250,25),"-") | J1267: =IFERROR(_xlfn.CEILING.MATH((H1267/Conversor!$E$8)*250,25),"-")
A1268: =+B1268&C1268 | B1268: Belobra | C1268: Arboreal Crown | D1268: Helmet | G1268: =IFERROR((E1268/'Valor Coin por Servidor'!$B$6/250)*Conversor!$E$8,"-") | H1268: =IFERROR((F1268/'Valor Coin por Servidor'!$B$6/250)*Conversor!$E$8,"-") | I1268: =IFERROR(_xlfn.CEILING.MATH((G1268/Conversor!$E$8)*250,25),"-") | J1268: =IFERROR(_xlfn.CEILING.MATH((H1268/Conversor!$E$8)*250,25),"-")
A1269: =+B1269&C1269 | B1269: Belobra | C1269: Arboreal Ring | D1269: Ring | G1269: =IFERROR((E1269/'Valor Coin por Servidor'!$B$6/250)*Conversor!$E$8,"-") | H1269: =IFERROR((F1269/'Valor Coin por Servidor'!$B$6/250)*Conversor!$E$8,"-") | I1269: =IFERROR(_xlfn.CEILING.MATH((G1269/Conversor!$E$8)*250,25),"-") | J1269: =IFERROR(_xlfn.CEILING.MATH((H1269/Conversor!$E$8)*250,25),"-")
... A1571: =+B1571&C1571 | B1571: Belobra | C1571: Wyvern Talisman | D1571: Creature Product | G1571: =IFERROR((E1571/'Valor Coin por Servidor'!$B$6/250)*Conversor!$E$8,"-") | H1571: =IFERROR((F1571/'Valor Coin por Servidor'!$B$6/250)*Conversor!$E$8,"-") | I1571: =IFERROR(_xlfn.CEILING.MATH((G1571/Conversor!$E$8)*250,25),"-") | J1571: =IFERROR(_xlfn.CEILING.MATH((H1571/Conversor!$E$8)*250,25),"-")
A1572: =+B1572&C1572 | B1572: Bona | C1572: Abyssador's Lash | D1572: Creature Product | G1572: =IFERROR((E1572/'Valor Coin por Servidor'!$B$8/250)*Conversor!$E$8,"-") | H1572: =IFERROR((F1572/'Valor Coin por Servidor'!$B$8/250)*Conversor!$E$8,"-") | I1572: =IFERROR(_xlfn.CEILING.MATH((G1572/Conversor!$E$8)*250,25),"-") | J1572: =IFERROR(_xlfn.CEILING.MATH((H1572/Conversor!$E$8)*250,25),"-")
A1573: =+B1573&C1573 | B1573: Bona | C1573: Alchemist's Boots | D1573: Boots | G1573: =IFERROR((E1573/'Valor Coin por Servidor'!$B$8/250)*Conversor!$E$8,"-") | H1573: =IFERROR((F1573/'Valor Coin por Servidor'!$B$8/250)*Conversor!$E$8,"-") | I1573: =IFERROR(_xlfn.CEILING.MATH((G1573/Conversor!$E$8)*250,25),"-") | J1573: =IFERROR(_xlfn.CEILING.MATH((H1573/Conversor!$E$8)*250,25),"-")
A1574: =+B1574&C1574 | B1574: Bona | C1574: Alchemist's Notepad | D1574: Shield | G1574: =IFERROR((E1574/'Valor Coin por Servidor'!$B$8/250)*Conversor!$E$8,"-") | H1574: =IFERROR((F1574/'Valor Coin por Servidor'!$B$8/250)*Conversor!$E$8,"-") | I1574: =IFERROR(_xlfn.CEILING.MATH((G1574/Conversor!$E$8)*250,25),"-") | J1574: =IFERROR(_xlfn.CEILING.MATH((H1574/Conversor!$E$8)*250,25),"-")
A1575: =+B1575&C1575 | B1575: Bona | C1575: Alicorn Headguard | D1575: Helmet | G1575: =IFERROR((E1575/'Valor Coin por Servidor'!$B$8/250)*Conversor!$E$8,"-") | H1575: =IFERROR((F1575/'Valor Coin por Servidor'!$B$8/250)*Conversor!$E$8,"-") | I1575: =IFERROR(_xlfn.CEILING.MATH((G1575/Conversor!$E$8)*250,25),"-") | J1575: =IFERROR(_xlfn.CEILING.MATH((H1575/Conversor!$E$8)*250,25),"-")
A1576: =+B1576&C1576 | B1576: Bona | C1576: Alicorn Quiver | D1576: Quiver | G1576: =IFERROR((E1576/'Valor Coin por Servidor'!$B$8/250)*Conversor!$E$8,"-") | H1576: =IFERROR((F1576/'Valor Coin por Servidor'!$B$8/250)*Conversor!$E$8,"-") | I1576: =IFERROR(_xlfn.CEILING.MATH((G1576/Conversor!$E$8)*250,25),"-") | J1576: =IFERROR(_xlfn.CEILING.MATH((H1576/Conversor!$E$8)*250,25),"-")
A1577: =+B1577&C1577 | B1577: Bona | C1577: Alicorn Ring | D1577: Ring | G1577: =IFERROR((E1577/'Valor Coin por Servidor'!$B$8/250)*Conversor!$E$8,"-") | H1577: =IFERROR((F1577/'Valor Coin por Servidor'!$B$8/250)*Conversor!$E$8,"-") | I1577: =IFERROR(_xlfn.CEILING.MATH((G1577/Conversor!$E$8)*250,25),"-") | J1577: =IFERROR(_xlfn.CEILING.MATH((H1577/Conversor!$E$8)*250,25),"-")
A1578: =+B1578&C1578 | B1578: Bona | C1578: Amulet of Theurgy | D1578: Amulet | G1578: =IFERROR((E1578/'Valor Coin por Servidor'!$B$8/250)*Conversor!$E$8,"-") | H1578: =IFERROR((F1578/'Valor Coin por Servidor'!$B$8/250)*Conversor!$E$8,"-") | I1578: =IFERROR(_xlfn.CEILING.MATH((G1578/Conversor!$E$8)*250,25),"-") | J1578: =IFERROR(_xlfn.CEILING.MATH((H1578/Conversor!$E$8)*250,25),"-")
A1579: =+B1579&C1579 | B1579: Bona | C1579: Antler-Horn Helmet | D1579: Helmet | G1579: =IFERROR((E1579/'Valor Coin por Servidor'!$B$8/250)*Conversor!$E$8,"-") | H1579: =IFERROR((F1579/'Valor Coin por Servidor'!$B$8/250)*Conversor!$E$8,"-") | I1579: =IFERROR(_xlfn.CEILING.MATH((G1579/Conversor!$E$8)*250,25),"-") | J1579: =IFERROR(_xlfn.CEILING.MATH((H1579/Conversor!$E$8)*250,25),"-")
A1580: =+B1580&C1580 | B1580: Bona | C1580: Antlers | D1580: Creature Product | G1580: =IFERROR((E1580/'Valor Coin por Servidor'!$B$8/250)*Conversor!$E$8,"-") | H1580: =IFERROR((F1580/'Valor Coin por Servidor'!$B$8/250)*Conversor!$E$8,"-") | I1580: =IFERROR(_xlfn.CEILING.MATH((G1580/Conversor!$E$8)*250,25),"-") | J1580: =IFERROR(_xlfn.CEILING.MATH((H1580/Conversor!$E$8)*250,25),"-")
A1581: =+B1581&C1581 | B1581: Bona | C1581: Ape Fur | D1581: Creature Product | G1581: =IFERROR((E1581/'Valor Coin por Servidor'!$B$8/250)*Conversor!$E$8,"-") | H1581: =IFERROR((F1581/'Valor Coin por Servidor'!$B$8/250)*Conversor!$E$8,"-") | I1581: =IFERROR(_xlfn.CEILING.MATH((G1581/Conversor!$E$8)*250,25),"-") | J1581: =IFERROR(_xlfn.CEILING.MATH((H1581/Conversor!$E$8)*250,25),"-")
A1582: =+B1582&C1582 | B1582: Bona | C1582: Arboreal Crown | D1582: Helmet | G1582: =IFERROR((E1582/'Valor Coin por Servidor'!$B$8/250)*Conversor!$E$8,"-") | H1582: =IFERROR((F1582/'Valor Coin por Servidor'!$B$8/250)*Conversor!$E$8,"-") | I1582: =IFERROR(_xlfn.CEILING.MATH((G1582/Conversor!$E$8)*250,25),"-") | J1582: =IFERROR(_xlfn.CEILING.MATH((H1582/Conversor!$E$8)*250,25),"-")
A1583: =+B1583&C1583 | B1583: Bona | C1583: Arboreal Ring | D1583: Ring | G1583: =IFERROR((E1583/'Valor Coin por Servidor'!$B$8/250)*Conversor!$E$8,"-") | H1583: =IFERROR((F1583/'Valor Coin por Servidor'!$B$8/250)*Conversor!$E$8,"-") | I1583: =IFERROR(_xlfn.CEILING.MATH((G1583/Conversor!$E$8)*250,25),"-") | J1583: =IFERROR(_xlfn.CEILING.MATH((H1583/Conversor!$E$8)*250,25),"-")
... A1885: =+B1885&C1885 | B1885: Bona | C1885: Wyvern Talisman | D1885: Creature Product | G1885: =IFERROR((E1885/'Valor Coin por Servidor'!$B$8/250)*Conversor!$E$8,"-") | H1885: =IFERROR((F1885/'Valor Coin por Servidor'!$B$8/250)*Conversor!$E$8,"-") | I1885: =IFERROR(_xlfn.CEILING.MATH((G1885/Conversor!$E$8)*250,25),"-") | J1885: =IFERROR(_xlfn.CEILING.MATH((H1885/Conversor!$E$8)*250,25),"-")
A1886: =+B1886&C1886 | B1886: Bravoria | C1886: Abyssador's Lash | D1886: Creature Product | G1886: =IFERROR((E1886/'Valor Coin por Servidor'!$B$7/250)*Conversor!$E$8,"-") | H1886: =IFERROR((F1886/'Valor Coin por Servidor'!$B$7/250)*Conversor!$E$8,"-") | I1886: =IFERROR(_xlfn.CEILING.MATH((G1886/Conversor!$E$8)*250,25),"-") | J1886: =IFERROR(_xlfn.CEILING.MATH((H1886/Conversor!$E$8)*250,25),"-")
A1887: =+B1887&C1887 | B1887: Bravoria | C1887: Alchemist's Boots | D1887: Boots | G1887: =IFERROR((E1887/'Valor Coin por Servidor'!$B$7/250)*Conversor!$E$8,"-") | H1887: =IFERROR((F1887/'Valor Coin por Servidor'!$B$7/250)*Conversor!$E$8,"-") | I1887: =IFERROR(_xlfn.CEILING.MATH((G1887/Conversor!$E$8)*250,25),"-") | J1887: =IFERROR(_xlfn.CEILING.MATH((H1887/Conversor!$E$8)*250,25),"-")
A1888: =+B1888&C1888 | B1888: Bravoria | C1888: Alchemist's Notepad | D1888: Shield | G1888: =IFERROR((E1888/'Valor Coin por Servidor'!$B$7/250)*Conversor!$E$8,"-") | H1888: =IFERROR((F1888/'Valor Coin por Servidor'!$B$7/250)*Conversor!$E$8,"-") | I1888: =IFERROR(_xlfn.CEILING.MATH((G1888/Conversor!$E$8)*250,25),"-") | J1888: =IFERROR(_xlfn.CEILING.MATH((H1888/Conversor!$E$8)*250,25),"-")
A1889: =+B1889&C1889 | B1889: Bravoria | C1889: Alicorn Headguard | D1889: Helmet | G1889: =IFERROR((E1889/'Valor Coin por Servidor'!$B$7/250)*Conversor!$E$8,"-") | H1889: =IFERROR((F1889/'Valor Coin por Servidor'!$B$7/250)*Conversor!$E$8,"-") | I1889: =IFERROR(_xlfn.CEILING.MATH((G1889/Conversor!$E$8)*250,25),"-") | J1889: =IFERROR(_xlfn.CEILING.MATH((H1889/Conversor!$E$8)*250,25),"-")
A1890: =+B1890&C1890 | B1890: Bravoria | C1890: Alicorn Quiver | D1890: Quiver | G1890: =IFERROR((E1890/'Valor Coin por Servidor'!$B$7/250)*Conversor!$E$8,"-") | H1890: =IFERROR((F1890/'Valor Coin por Servidor'!$B$7/250)*Conversor!$E$8,"-") | I1890: =IFERROR(_xlfn.CEILING.MATH((G1890/Conversor!$E$8)*250,25),"-") | J1890: =IFERROR(_xlfn.CEILING.MATH((H1890/Conversor!$E$8)*250,25),"-")
A1891: =+B1891&C1891 | B1891: Bravoria | C1891: Alicorn Ring | D1891: Ring | G1891: =IFERROR((E1891/'Valor Coin por Servidor'!$B$7/250)*Conversor!$E$8,"-") | H1891: =IFERROR((F1891/'Valor Coin por Servidor'!$B$7/250)*Conversor!$E$8,"-") | I1891: =IFERROR(_xlfn.CEILING.MATH((G1891/Conversor!$E$8)*250,25),"-") | J1891: =IFERROR(_xlfn.CEILING.MATH((H1891/Conversor!$E$8)*250,25),"-")
A1892: =+B1892&C1892 | B1892: Bravoria | C1892: Amulet of Theurgy | D1892: Amulet | G1892: =IFERROR((E1892/'Valor Coin por Servidor'!$B$7/250)*Conversor!$E$8,"-") | H1892: =IFERROR((F1892/'Valor Coin por Servidor'!$B$7/250)*Conversor!$E$8,"-") | I1892: =IFERROR(_xlfn.CEILING.MATH((G1892/Conversor!$E$8)*250,25),"-") | J1892: =IFERROR(_xlfn.CEILING.MATH((H1892/Conversor!$E$8)*250,25),"-")
A1893: =+B1893&C1893 | B1893: Bravoria | C1893: Antler-Horn Helmet | D1893: Helmet | G1893: =IFERROR((E1893/'Valor Coin por Servidor'!$B$7/250)*Conversor!$E$8,"-") | H1893: =IFERROR((F1893/'Valor Coin por Servidor'!$B$7/250)*Conversor!$E$8,"-") | I1893: =IFERROR(_xlfn.CEILING.MATH((G1893/Conversor!$E$8)*250,25),"-") | J1893: =IFERROR(_xlfn.CEILING.MATH((H1893/Conversor!$E$8)*250,25),"-")
A1894: =+B1894&C1894 | B1894: Bravoria | C1894: Antlers | D1894: Creature Product | G1894: =IFERROR((E1894/'Valor Coin por Servidor'!$B$7/250)*Conversor!$E$8,"-") | H1894: =IFERROR((F1894/'Valor Coin por Servidor'!$B$7/250)*Conversor!$E$8,"-") | I1894: =IFERROR(_xlfn.CEILING.MATH((G1894/Conversor!$E$8)*250,25),"-") | J1894: =IFERROR(_xlfn.CEILING.MATH((H1894/Conversor!$E$8)*250,25),"-")
A1895: =+B1895&C1895 | B1895: Bravoria | C1895: Ape Fur | D1895: Creature Product | G1895: =IFERROR((E1895/'Valor Coin por Servidor'!$B$7/250)*Conversor!$E$8,"-") | H1895: =IFERROR((F1895/'Valor Coin por Servidor'!$B$7/250)*Conversor!$E$8,"-") | I1895: =IFERROR(_xlfn.CEILING.MATH((G1895/Conversor!$E$8)*250,25),"-") | J1895: =IFERROR(_xlfn.CEILING.MATH((H1895/Conversor!$E$8)*250,25),"-")
A1896: =+B1896&C1896 | B1896: Bravoria | C1896: Arboreal Crown | D1896: Helmet | G1896: =IFERROR((E1896/'Valor Coin por Servidor'!$B$7/250)*Conversor!$E$8,"-") | H1896: =IFERROR((F1896/'Valor Coin por Servidor'!$B$7/250)*Conversor!$E$8,"-") | I1896: =IFERROR(_xlfn.CEILING.MATH((G1896/Conversor!$E$8)*250,25),"-") | J1896: =IFERROR(_xlfn.CEILING.MATH((H1896/Conversor!$E$8)*250,25),"-")
A1897: =+B1897&C1897 | B1897: Bravoria | C1897: Arboreal Ring | D1897: Ring | G1897: =IFERROR((E1897/'Valor Coin por Servidor'!$B$7/250)*Conversor!$E$8,"-") | H1897: =IFERROR((F1897/'Valor Coin por Servidor'!$B$7/250)*Conversor!$E$8,"-") | I1897: =IFERROR(_xlfn.CEILING.MATH((G1897/Conversor!$E$8)*250,25),"-") | J1897: =IFERROR(_xlfn.CEILING.MATH((H1897/Conversor!$E$8)*250,25),"-")
... A2080: =+B2080&C2080 | B2080: Bravoria | C2080: Ornate Chestplate | D2080: Armor | G2080: =IFERROR((E2080/'Valor Coin por Servidor'!$B$7/250)*Conversor!$E$8,"-") | H2080: =IFERROR((F2080/'Valor Coin por Servidor'!$B$7/250)*Conversor!$E$8,"-") | I2080: =IFERROR(_xlfn.CEILING.MATH((G2080/Conversor!$E$8)*250,25),"-") | J2080: =IFERROR(_xlfn.CEILING.MATH((H2080/Conversor!$E$8)*250,25),"-")
A2081: =+B2081&C2081 | B2081: Bravoria | C2081: Pair of Dreamwalkers | D2081: Boots | G2081: =IFERROR((E2083/'Valor Coin por Servidor'!$B$7/250)*Conversor!$E$8,"-") | H2081: =IFERROR((F2083/'Valor Coin por Servidor'!$B$7/250)*Conversor!$E$8,"-") | I2081: =IFERROR(_xlfn.CEILING.MATH((G2081/Conversor!$E$8)*250,25),"-") | J2081: =IFERROR(_xlfn.CEILING.MATH((H2081/Conversor!$E$8)*250,25),"-")
A2082: =+B2082&C2082 | B2082: Bravoria | C2082: Pair of Soulstalkers | D2082: Boots | G2082: =IFERROR((E2082/'Valor Coin por Servidor'!$B$7/250)*Conversor!$E$8,"-") | H2082: =IFERROR((F2082/'Valor Coin por Servidor'!$B$7/250)*Conversor!$E$8,"-") | I2082: =IFERROR(_xlfn.CEILING.MATH((G2082/Conversor!$E$8)*250,25),"-") | J2082: =IFERROR(_xlfn.CEILING.MATH((H2082/Conversor!$E$8)*250,25),"-")
A2083: =+B2083&C2083 | B2083: Bravoria | C2083: Pair of Soulwalkers | D2083: Boots | G2083: =IFERROR((E2083/'Valor Coin por Servidor'!$B$7/250)*Conversor!$E$8,"-") | H2083: =IFERROR((F2083/'Valor Coin por Servidor'!$B$7/250)*Conversor!$E$8,"-") | I2083: =IFERROR(_xlfn.CEILING.MATH((G2083/Conversor!$E$8)*250,25),"-") | J2083: =IFERROR(_xlfn.CEILING.MATH((H2083/Conversor!$E$8)*250,25),"-")
A2084: =+B2084&C2084 | B2084: Bravoria | C2084: Pendulet | D2084: Amulet | G2084: =IFERROR((E2084/'Valor Coin por Servidor'!$B$7/250)*Conversor!$E$8,"-") | H2084: =IFERROR((F2084/'Valor Coin por Servidor'!$B$7/250)*Conversor!$E$8,"-") | I2084: =IFERROR(_xlfn.CEILING.MATH((G2084/Conversor!$E$8)*250,25),"-") | J2084: =IFERROR(_xlfn.CEILING.MATH((H2084/Conversor!$E$8)*250,25),"-")
A2085: =+B2085&C2085 | B2085: Bravoria | C2085: Perfect Behemoth Fang | D2085: Creature Product | G2085: =IFERROR((E2085/'Valor Coin por Servidor'!$B$7/250)*Conversor!$E$8,"-") | H2085: =IFERROR((F2085/'Valor Coin por Servidor'!$B$7/250)*Conversor!$E$8,"-") | I2085: =IFERROR(_xlfn.CEILING.MATH((G2085/Conversor!$E$8)*250,25),"-") | J2085: =IFERROR(_xlfn.CEILING.MATH((H2085/Conversor!$E$8)*250,25),"-")
A2086: =+B2086&C2086 | B2086: Bravoria | C2086: Physical Amplification | D2086: Potion | G2086: =IFERROR((E2086/'Valor Coin por Servidor'!$B$7/250)*Conversor!$E$8,"-") | H2086: =IFERROR((F2086/'Valor Coin por Servidor'!$B$7/250)*Conversor!$E$8,"-") | I2086: =IFERROR(_xlfn.CEILING.MATH((G2086/Conversor!$E$8)*250,25),"-") | J2086: =IFERROR(_xlfn.CEILING.MATH((H2086/Conversor!$E$8)*250,25),"-")
A2087: =+B2087&C2087 | B2087: Bravoria | C2087: Physical Resilience | D2087: Potion | G2087: =IFERROR((E2087/'Valor Coin por Servidor'!$B$7/250)*Conversor!$E$8,"-") | H2087: =IFERROR((F2087/'Valor Coin por Servidor'!$B$7/250)*Conversor!$E$8,"-") | I2087: =IFERROR(_xlfn.CEILING.MATH((G2087/Conversor!$E$8)*250,25),"-") | J2087: =IFERROR(_xlfn.CEILING.MATH((H2087/Conversor!$E$8)*250,25),"-")
A2088: =+B2088&C2088 | B2088: Bravoria | C2088: Piece of Dead Brain | D2088: Creature Product | G2088: =IFERROR((E2088/'Valor Coin por Servidor'!$B$7/250)*Conversor!$E$8,"-") | H2088: =IFERROR((F2088/'Valor Coin por Servidor'!$B$7/250)*Conversor!$E$8,"-") | I2088: =IFERROR(_xlfn.CEILING.MATH((G2088/Conversor!$E$8)*250,25),"-") | J2088: =IFERROR(_xlfn.CEILING.MATH((H2088/Conversor!$E$8)*250,25),"-")
...
